id,label
EBobpF3.jpg,normal
rTCjHYe.jpg,normal
8Gj2bLL.jpg,normal
R5xMrEe.jpg,rainy
kWebBqu.jpg,normal
7kHlQBY.jpg,rainy
4vxGtNJ.jpg,normal
eGSq1d8.jpg,normal
TpcMebc.jpg,normal
1ChJu0y.jpg,normal
FrbeImJ.jpg,normal
T3mdxKx.jpg,rainy
ohbOEz8.jpg,rainy
zaCTk35.jpg,normal
kqcQWsV.jpg,normal
FqGqhf9.jpg,normal
LJQnxEX.jpg,normal
BCO6ye2.jpg,normal
rqkjZUo.jpg,normal
TnAcmf6.jpg,normal
evW44M1.jpg,rainy
OZYAsme.jpg,normal
XqXNL1y.jpg,normal
BX6jHg1.jpg,normal
ztsPSo5.jpg,normal
avoXXmR.jpg,rainy
KiG0n5M.jpg,normal
u161EII.jpg,normal
8w8EA6f.jpg,rainy
q4otgii.jpg,normal
fY9CYWp.jpg,normal
IybuTyo.jpg,normal
KzHz5eW.jpg,normal
gQNqext.jpg,normal
INgPQu2.jpg,normal
R9PJnWb.jpg,normal
OoRclzh.jpg,normal
86cCA8c.jpg,normal
ChFcCfP.jpg,normal
kBx8tfM.jpg,normal
p4y2zqL.jpg,rainy
PSuJzxW.jpg,rainy
oZSNH0X.jpg,normal
HCW1HCE.jpg,normal
qzW0TuZ.jpg,rainy
VAwHAHm.jpg,rainy
JMnDlDw.jpg,normal
lqPwZnt.jpg,normal
PiBw0mZ.jpg,normal
2sCpM16.jpg,rainy
H6OxJTM.jpg,normal
KV2EnD8.jpg,normal
EhoC9ak.jpg,normal
Lr9TA2P.jpg,normal
BgB7HG3.jpg,normal
Ztci7dp.jpg,normal
lnOcuyd.jpg,normal
HiPzhkL.jpg,rainy
nl11Ffg.jpg,normal
HOWNSCN.jpg,rainy
axAnEzQ.jpg,rainy
J0KD8ib.jpg,normal
PE1liDV.jpg,normal
xXDcyBW.jpg,normal
RzqUaWL.jpg,normal
fG7T5Du.jpg,rainy
Otstcjp.jpg,normal
bu7DCIN.jpg,normal
NKLqfY9.jpg,normal
CodnGTv.jpg,normal
XkffaNu.jpg,rainy
a08Lmep.jpg,normal
HuYYWod.jpg,normal
icRrjla.jpg,normal
BkzHv1s.jpg,normal
yTyiYbj.jpg,normal
vs1DTC6.jpg,normal
cdoiVqK.jpg,normal
SLlVHxP.jpg,normal
X0rEZ6c.jpg,normal
lfGc3H4.jpg,normal
ZahiGQC.jpg,normal
h8dc6DY.jpg,rainy
x0iWthV.jpg,rainy
G7XgKoy.jpg,normal
wsZ0kFv.jpg,normal
DrjJrjj.jpg,normal
LdKZpUA.jpg,rainy
KZHSHmB.jpg,normal
AczVwR4.jpg,normal
VJRKGGL.jpg,normal
fMdMzJn.jpg,normal
Qeyh8FJ.jpg,normal
pkTXT30.jpg,rainy
hr2i6PV.jpg,rainy
SiwHWvg.jpg,normal
fYeLhdo.jpg,normal
INixqGt.jpg,rainy
ipUrvHM.jpg,rainy
CPXTKO6.jpg,rainy
jo8t5iT.jpg,normal
rROUbSM.jpg,normal
FaMy8W1.jpg,rainy
j541h4e.jpg,rainy
8f8S3vV.jpg,rainy
h2UZwHV.jpg,normal
Jcu3oVR.jpg,normal
Sx9QYRv.jpg,normal
EpCCOuY.jpg,normal
NprUat1.jpg,normal
hXvqPj5.jpg,normal
3eoInWa.jpg,normal
DjlXjrL.jpg,rainy
sq9dKzb.jpg,normal
2U5FjwY.jpg,rainy
XoVlkvn.jpg,rainy
RJQhZPW.jpg,rainy
bFrpr7f.jpg,rainy
AF2wO2c.jpg,normal
khVNK2H.jpg,normal
TbxoZ77.jpg,normal
iID3MOw.jpg,normal
fQxUvPW.jpg,normal
6Pisn1L.jpg,normal
0idOnxB.jpg,rainy
MRetEwO.jpg,normal
SOV8hZh.jpg,rainy
Nvz6jA0.jpg,normal
XkR63sN.jpg,rainy
ZJKBBBX.jpg,rainy
e39vqCR.jpg,normal
cuxykF3.jpg,normal
9cTXq4q.jpg,rainy
D0GhfSx.jpg,normal
MbNjOJs.jpg,rainy
l2XeVg4.jpg,normal
NHVZ0BK.jpg,normal
gzYSNnv.jpg,normal
N7DoiEH.jpg,rainy
VICqvxq.jpg,rainy
sU4s1aF.jpg,normal
RwIMwSK.jpg,rainy
sxR6YAO.jpg,normal
lXn9E6Y.jpg,rainy
m1nEj1n.jpg,normal
JHNqunX.jpg,normal
vIL76JN.jpg,normal
4oxEmRp.jpg,rainy
ylNc10c.jpg,normal
8g6zYT5.jpg,normal
9BzScSB.jpg,normal
o91QEwz.jpg,normal
vk8HIRk.jpg,normal
Ak60Cld.jpg,normal
LIXDyGb.jpg,normal
vBx0iN0.jpg,normal
ZL7IFDu.jpg,normal
murZlE8.jpg,rainy
sEFZNzs.jpg,normal
Rv1SB2Y.jpg,rainy
sBvjr29.jpg,normal
KXJjMxZ.jpg,normal
8BlFU8F.jpg,normal
Sdsctrk.jpg,normal
Cb8o1KC.jpg,normal
hYFB9r5.jpg,normal
1nMeQIi.jpg,normal
jc9rSMy.jpg,normal
CmPpVlL.jpg,rainy
tlNTdXp.jpg,normal
TcsR9gt.jpg,normal
FRJByBv.jpg,normal
XxlCuRQ.jpg,rainy
FXl0eVg.jpg,normal
LriM3AO.jpg,normal
CwvIubQ.jpg,normal
CLcDTQ3.jpg,normal
DkdTCqF.jpg,normal
DMdTUsE.jpg,normal
nXgKkHR.jpg,normal
aQ5QFwx.jpg,normal
zxrVvo7.jpg,normal
2Gvt7kr.jpg,rainy
754ZNZI.jpg,normal
AmdA3qn.jpg,rainy
noIH84J.jpg,normal
pL0DBwv.jpg,normal
LKqLetq.jpg,rainy
KmjbRlA.jpg,rainy
KaQuCjX.jpg,normal
PGICxnl.jpg,normal
wnSJ7rj.jpg,rainy
FKHD7NG.jpg,rainy
qHyKF2o.jpg,normal
UhrrZbH.jpg,rainy
4sv0hgz.jpg,rainy
FYkGbVa.jpg,rainy
r8ak0yY.jpg,normal
0DJgOaC.jpg,rainy
MwoRxll.jpg,normal
NRsxXH0.jpg,rainy
VuHZrW5.jpg,normal
039dhC9.jpg,rainy
JMDkxji.jpg,normal
53NF2cl.jpg,normal
yOL44H8.jpg,rainy
WYztXOY.jpg,normal
JgKuelU.jpg,normal
Tmpz1le.jpg,rainy
LfBGBbA.jpg,normal
EpuVmhX.jpg,normal
lPdsn4T.jpg,normal
AYpa9c2.jpg,normal
YWxyc6b.jpg,normal
LPdjdJl.jpg,normal
JrTCc0a.jpg,rainy
I5wqT0N.jpg,normal
jni7Oki.jpg,rainy
H4KF5gS.jpg,normal
suBbyTL.jpg,normal
CIRqNZY.jpg,normal
W4gcwXW.jpg,normal
fkgPNUS.jpg,normal
mQiUpzp.jpg,rainy
fH4Iubh.jpg,normal
kgL67m6.jpg,normal
EJZX0Er.jpg,normal
pGOGCBD.jpg,normal
duRkaK9.jpg,rainy
5LP3tJh.jpg,normal
kv6RulT.jpg,normal
YNjRd3W.jpg,normal
P7Hv3qL.jpg,rainy
bc50iJH.jpg,normal
M7DtmEo.jpg,normal
LiEP9es.jpg,normal
F8VYtT4.jpg,normal
HFr1R3e.jpg,normal
l0hck2y.jpg,rainy
A4MwH9a.jpg,normal
qqeAyl3.jpg,normal
lN9tdFw.jpg,normal
OUjojWH.jpg,normal
LNRO7Ri.jpg,normal
01ZqSiV.jpg,normal
uzoWaOY.jpg,normal
6OXCJtx.jpg,normal
nWgYQF0.jpg,normal
IX7da5a.jpg,rainy
OyBOThU.jpg,rainy
WdmuLRM.jpg,normal
yXx99ca.jpg,normal
zfFmThL.jpg,normal
jC25Cui.jpg,normal
d3aFcu4.jpg,rainy
yy8HMS6.jpg,normal
G9cAnfy.jpg,normal
7XIRMG8.jpg,normal
LOlSx6v.jpg,normal
BbGZI9C.jpg,normal
B5brMuS.jpg,normal
Kvlz1Es.jpg,rainy
6hgG3PT.jpg,normal
jIXpLM7.jpg,rainy
rujSWix.jpg,normal
9r3T86I.jpg,normal
LFWcFtC.jpg,rainy
2k2SkuR.jpg,rainy
V45bpWk.jpg,normal
YxIXySq.jpg,normal
ZbCRsqS.jpg,rainy
ZhaVzEH.jpg,normal
4mC6pss.jpg,normal
TtilmQX.jpg,normal
eJuIbpv.jpg,normal
PbFwWvO.jpg,rainy
uD10FFb.jpg,normal
wRcjap2.jpg,normal
ofFdJbW.jpg,normal
EKbcEwd.jpg,normal
gD2OpwG.jpg,normal
kLUvcIU.jpg,normal
k109sH0.jpg,normal
OyDGH44.jpg,rainy
nEsZKMh.jpg,rainy
l5WU7fF.jpg,normal
VuqRQzu.jpg,normal
wkLopIF.jpg,normal
gM7Kjt8.jpg,rainy
V6uiPWh.jpg,normal
efRUITV.jpg,normal
7h1pHo1.jpg,normal
X8QhNvN.jpg,rainy
kD1ariy.jpg,normal
pSAeUHc.jpg,normal
isqYEs6.jpg,normal
DBEV7ot.jpg,rainy
jbb4ubX.jpg,normal
tS1tg5w.jpg,normal
Tny2VjD.jpg,normal
t6lkJcb.jpg,normal
Yj7XrTI.jpg,normal
tOBD95p.jpg,normal
pBsjMxg.jpg,rainy
HvLtARC.jpg,normal
Wwe1fGX.jpg,rainy
Gwpe3Bx.jpg,normal
AC52JHj.jpg,normal
m9VHrxA.jpg,rainy
gWKA8ca.jpg,normal
AW1lCmA.jpg,rainy
AUBYdMY.jpg,rainy
kTc7qSo.jpg,normal
PEc5Zi0.jpg,normal
5iAyMoh.jpg,normal
mTSC9Y7.jpg,rainy
Zws5xJ3.jpg,normal
OxLuOJ1.jpg,normal
1NE0KRZ.jpg,normal
BXVjEzd.jpg,normal
LI3Ii1s.jpg,normal
Wr7EvJb.jpg,normal
0LqjEWu.jpg,normal
T5VmytR.jpg,normal
4JBJGOm.jpg,normal
R1UCFtr.jpg,normal
ixbiHAO.jpg,normal
OeLTopt.jpg,normal
ouN4BHr.jpg,normal
Rq3ju7o.jpg,normal
